{"cameraMode":{"drawMode":0,"name":"Shaded","section":"Shading Mode"},"sceneLighting":false,"audioPlay":false,"sceneViewState":{"m_AlwaysRefresh":false,"showFog":true,"showSkybox":false,"showFlares":true,"showImageEffects":true,"showParticleSystems":true,"showVisualEffectGraphs":true,"m_FxEnabled":true},"in2DMode":false,"pivot":{"x":11.215076446533204,"y":5.628637313842773,"z":-7.964178085327148},"rotation":{"x":0.015625756233930589,"y":0.32116109132766726,"z":-0.00529802730306983,"w":0.9468837976455689},"size":0.8660253882408142,"orthographic":false}