{"cameraMode":{"drawMode":0,"name":"Shaded","section":"Shading Mode"},"sceneLighting":true,"audioPlay":false,"sceneViewState":{"m_AlwaysRefresh":false,"showFog":true,"showSkybox":true,"showFlares":true,"showImageEffects":true,"showParticleSystems":true,"showVisualEffectGraphs":true,"m_FxEnabled":true},"in2DMode":false,"pivot":{"x":11.215076446533204,"y":5.628637313842773,"z":-7.964178085327148},"rotation":{"x":0.06903758645057678,"y":-0.578538179397583,"z":0.049235329031944278,"w":0.8112409114837647},"size":0.06988207995891571,"orthographic":false}